{
  "embeds": [
    {
      "title": "🏴 SISTEMA DE GANGUES DO VELHO OESTE",
      "description": "Cansado de vagar sozinho? Chegou a hora de formar sua própria **gangue lendária**!",
      "color": 9134609,
      "fields": [
        {
          "name": "📋 O QUE SÃO GANGUES?",
          "value": "Organizações de jogadores que se unem para conquistar o Velho Oeste juntos. Quanto mais forte sua gangue, maiores os benefícios!",
          "inline": false
        },
        {
          "name": "🎯 COMO COMEÇAR",
          "value": "`/gangue criar [nome]` - Crie sua gangue\n`/gangue convidar [usuário]` - Convide amigos\n`/gangue info` - Ver informações",
          "inline": false
        },
        {
          "name": "🏆 NÍVEIS 1-15",
          "value": "• **Nível 1-5:** +1-3% Crime, +0-1 Dano, +0-2% Assalto\n• **Nível 6-10:** +4-5% Crime, +2-3 Dano, +3-5% Assalto\n• **Nível 11-15:** +6-7% Crime, +4-5 Dano, +7-10% Assalto",
          "inline": false
        },
        {
          "name": "💎 4 BENEFÍCIOS ATIVOS",
          "value": "🔫 **Crime Boost** - Aumenta chance de sucesso\n⚔️ **Duel Damage** - Mais dano em duelos\n🏦 **Bankrob Boost** - Mais prata no assalto\n⏱️ **Cooldown Reduction** - Age mais rápido",
          "inline": false
        },
        {
          "name": "👥 HIERARQUIA",
          "value": "👑 **Líder Supremo** - Controla tudo\n⭐ **Líder** - Convida e promove\n🎖️ **Veterano** - Convida (1x/24h)\n🤠 **Membro Regular** - Aproveita benefícios",
          "inline": false
        },
        {
          "name": "💰 TESOURO COMPARTILHADO",
          "value": "`/gangue doar prata:[valor] ouro:[valor]`\n\nTodos os membros podem doar recursos! Quanto mais doarem, mais rápido a gangue sobe de nível! 📈",
          "inline": false
        },
        {
          "name": "⚡ COMANDOS PRINCIPAIS",
          "value": "`/gangue criar` | `/gangue info` | `/gangue convidar` | `/gangue aceitar` | `/gangue doar` | `/gangue promover` | `/gangue expulsar` | `/gangue dissolver`",
          "inline": false
        },
        {
          "name": "📢 COMECE AGORA!",
          "value": "Monte sua gangue hoje mesmo e domine o Velho Oeste! A lei do mais forte prevalece... e você estará do lado dos **mais fortes**! 🔫⚔️",
          "inline": false
        }
      ],
      "thumbnail": {
        "url": "https://i.postimg.cc/HxqJQqGz/western-outlaw-bandit-npc.png"
      },
      "footer": {
        "text": "Sheriff BETA • Sistema de Gangues Ativo"
      }
    }
  ]
}
